{"cameraMode":{"drawMode":0,"name":"Shaded","section":"Shading Mode"},"sceneLighting":true,"audioPlay":false,"sceneViewState":{"m_AlwaysRefresh":false,"showFog":true,"showSkybox":true,"showFlares":true,"showImageEffects":true,"showParticleSystems":true,"showVisualEffectGraphs":true,"m_FxEnabled":true},"in2DMode":false,"pivot":{"x":-2.398965835571289,"y":1.0379048585891724,"z":1.2265615463256837},"rotation":{"x":0.15789422392845155,"y":-0.19011257588863374,"z":0.031191829591989518,"w":0.9685959219932556},"size":2.2854743003845217,"orthographic":false}