{"cameraMode":{"drawMode":0,"name":"Shaded","section":"Shading Mode"},"sceneLighting":true,"audioPlay":false,"sceneViewState":{"m_AlwaysRefresh":false,"showFog":true,"showSkybox":true,"showFlares":true,"showImageEffects":true,"showParticleSystems":true,"showVisualEffectGraphs":true,"m_FxEnabled":true},"in2DMode":false,"pivot":{"x":-0.1004713773727417,"y":1.296915888786316,"z":-0.05103893578052521},"rotation":{"x":0.03742573410272598,"y":-0.8360547423362732,"z":0.05782143771648407,"w":0.5443269610404968},"size":0.9728872179985046,"orthographic":false}