{"cameraMode":{"drawMode":0,"name":"Shaded","section":"Shading Mode"},"sceneLighting":true,"audioPlay":false,"sceneViewState":{"m_AlwaysRefresh":false,"showFog":true,"showSkybox":true,"showFlares":true,"showImageEffects":true,"showParticleSystems":true,"showVisualEffectGraphs":true,"m_FxEnabled":true},"in2DMode":false,"pivot":{"x":0.49925199151039126,"y":1.3843742609024048,"z":-2.0698254108428957},"rotation":{"x":0.07922095060348511,"y":0.5360561609268189,"z":-0.052163850516080859,"w":0.8390263915061951},"size":1.1409189701080323,"orthographic":false}