{"cameraMode":{"drawMode":0,"name":"Shaded","section":"Shading Mode"},"sceneLighting":true,"audioPlay":false,"sceneViewState":{"m_AlwaysRefresh":false,"showFog":true,"showSkybox":true,"showFlares":true,"showImageEffects":true,"showParticleSystems":true,"showVisualEffectGraphs":true,"m_FxEnabled":true},"in2DMode":false,"pivot":{"x":-2.447129011154175,"y":-0.12542685866355897,"z":-0.32373207807540896},"rotation":{"x":0.15046335756778718,"y":-0.8487100601196289,"z":0.33941173553466799,"w":0.376921683549881},"size":2.2854743003845217,"orthographic":false}